# Vivaldi, Summer RV 315 III. Presto, The Modena Chamber Orchestra (external/src/modena_summer_presto.ogg): the beat map, measured from the audio.
# 3/4, about 137 bpm in the opening and 132 in the tutti, drifting; a beat is the middle of the attack (spectral-flux peak), smoothed over +-3 beats; rests are stepped evenly.
# t_recording is seconds into the ogg; t_cut is the same beat in rough_v25_vivaldi (the cut starts 1.2013 s into the recording); t_cut_half is the eighth after it.
# accent: 2 phrase start, re-entry, phrase end or loud hit; 1 downbeat; 0 beat. onset/bass are the measured onset strengths (0-1).
beat,bar,beat_in_bar,t_recording,t_cut,t_cut_half,kind,accent,onset,bass,note
0,1,1,1.370,0.169,0.392,downbeat,2,1.00,0.96,"phrase 1: the opening run, first note"
1,1,2,1.816,0.615,0.834,beat,0,0.43,0.35,
2,1,3,2.255,1.053,1.271,beat,0,0.42,0.40,
3,2,1,2.689,1.488,1.705,downbeat,1,0.46,0.38,
4,2,2,3.125,1.923,2.143,beat,0,0.41,0.32,
5,2,3,3.564,2.362,2.581,beat,0,0.41,0.28,
6,3,1,4.000,2.799,3.014,downbeat,1,0.54,0.62,
7,3,2,4.430,3.229,3.444,beat,0,0.41,0.35,
8,3,3,4.860,3.658,3.877,beat,0,0.42,0.26,
9,4,1,5.296,4.095,4.313,downbeat,1,0.54,0.32,
10,4,2,5.732,4.530,4.743,beat,0,0.39,0.45,
11,4,3,6.157,4.955,5.175,beat,2,0.42,0.32,phrase 1: last note
12,5,1,6.597,5.396,5.616,rest,0,0.18,0.17,rest (the run rings out)
13,5,2,7.037,5.836,6.056,rest,0,0.12,0.25,rest
14,5,3,7.478,6.276,6.497,rest,0,0.10,0.19,rest
15,6,1,7.918,6.717,6.940,downbeat,2,0.72,0.72,re-entry: phrase 2
16,6,2,8.365,7.164,7.382,beat,0,0.41,0.23,
17,6,3,8.802,7.601,7.818,beat,0,0.40,0.36,
18,7,1,9.236,8.035,8.253,downbeat,1,0.50,0.32,
19,7,2,9.672,8.470,8.688,beat,0,0.46,0.31,
20,7,3,10.108,8.906,9.123,beat,0,0.44,0.35,
21,8,1,10.540,9.339,9.557,downbeat,1,0.63,0.34,
22,8,2,10.977,9.775,9.995,beat,0,0.41,0.27,
23,8,3,11.416,10.214,10.432,beat,0,0.45,0.28,
24,9,1,11.852,10.651,10.866,downbeat,1,0.67,0.39,
25,9,2,12.283,11.082,11.296,beat,0,0.44,0.24,
26,9,3,12.711,11.510,11.725,beat,2,0.54,0.58,phrase 2: last note
27,10,1,13.141,11.940,12.155,rest,0,0.19,0.20,rest (bass rings out)
28,10,2,13.572,12.371,12.586,beat,0,0.39,0.28,"lead-in, upper strings only"
29,10,3,14.002,12.800,13.010,beat,0,0.44,0.28,lead-in
30,11,1,14.420,13.219,13.444,downbeat,2,0.68,0.66,re-entry: tutti with the bass
31,11,2,14.871,13.669,13.892,beat,0,0.41,0.57,
32,11,3,15.317,14.116,14.338,beat,0,0.36,0.40,
33,12,1,15.762,14.561,14.788,downbeat,1,0.53,0.56,
34,12,2,16.215,15.014,15.242,beat,0,0.35,0.36,
35,12,3,16.672,15.471,15.700,beat,0,0.38,0.35,
36,13,1,17.131,15.929,16.159,downbeat,1,0.60,0.48,
37,13,2,17.590,16.389,16.619,beat,0,0.37,0.43,
38,13,3,18.051,16.849,17.078,beat,0,0.44,0.50,
39,14,1,18.509,17.307,17.534,downbeat,1,0.40,0.41,
40,14,2,18.963,17.761,17.988,beat,0,0.42,0.35,
41,14,3,19.415,18.214,18.441,beat,0,0.45,0.37,
42,15,1,19.870,18.668,18.896,downbeat,1,0.49,0.56,
43,15,2,20.325,19.124,19.353,beat,0,0.44,0.44,
44,15,3,20.783,19.581,19.811,beat,0,0.42,0.48,
45,16,1,21.242,20.041,20.272,downbeat,1,0.55,0.71,
46,16,2,21.704,20.503,20.730,beat,0,0.48,0.49,
47,16,3,22.159,20.957,21.183,beat,0,0.42,0.63,
48,17,1,22.610,21.409,21.635,downbeat,2,0.60,0.75,loudest accent of the tutti
49,17,2,23.063,21.862,22.089,beat,0,0.47,0.29,
50,17,3,23.519,22.317,22.542,beat,0,0.48,0.48,
51,18,1,23.969,22.767,22.991,downbeat,1,0.52,0.60,
52,18,2,24.415,23.214,23.439,beat,0,0.45,0.37,
53,18,3,24.865,23.663,23.890,beat,0,0.40,0.45,
54,19,1,25.318,24.117,24.345,downbeat,2,0.64,0.40,
55,19,2,25.774,24.572,24.800,beat,0,0.48,0.41,
56,19,3,26.228,25.027,25.252,beat,0,0.41,0.35,
57,20,1,26.678,25.477,25.697,downbeat,1,0.54,0.47,
58,20,2,27.119,25.918,26.137,beat,0,0.53,0.31,
59,20,3,27.557,26.356,26.577,beat,0,0.51,0.47,
60,21,1,27.999,26.798,27.020,downbeat,1,0.59,0.44,
61,21,2,28.443,27.242,27.463,beat,0,0.47,0.34,
62,21,3,28.886,27.684,27.907,beat,0,0.50,0.50,
63,22,1,29.331,28.129,28.351,downbeat,1,0.47,0.36,
64,22,2,29.773,28.572,28.790,beat,0,0.45,0.21,
65,22,3,30.209,29.008,29.228,beat,0,0.48,0.36,
66,23,1,30.650,29.448,29.673,downbeat,1,0.53,0.27,
67,23,2,31.099,29.898,30.122,beat,0,0.44,0.44,
68,23,3,31.548,30.347,30.570,beat,0,0.41,0.27,
69,24,1,31.993,30.792,31.014,downbeat,1,0.45,0.32,
70,24,2,32.438,31.236,31.459,beat,0,0.45,0.32,
71,24,3,32.884,31.682,31.905,beat,0,0.41,0.47,
72,25,1,33.328,32.127,32.349,downbeat,1,0.43,0.49,
73,25,2,33.773,32.572,32.796,beat,0,0.45,0.38,
74,25,3,34.221,33.019,33.243,beat,0,0.44,0.32,
75,26,1,34.667,33.466,33.684,downbeat,1,0.40,0.40,
76,26,2,35.104,33.903,34.119,beat,0,0.47,0.45,
77,26,3,35.535,34.334,34.553,beat,0,0.46,0.37,
78,27,1,35.974,34.773,34.994,downbeat,1,0.55,0.43,
79,27,2,36.417,35.216,35.438,beat,0,0.42,0.44,
80,27,3,36.860,35.659,35.881,beat,0,0.42,0.24,
81,28,1,37.304,36.103,36.328,downbeat,1,0.48,0.29,
82,28,2,37.755,36.553,36.778,beat,0,0.43,0.35,
83,28,3,38.205,37.003,37.227,beat,0,0.44,0.42,
84,29,1,38.652,37.451,37.673,downbeat,2,0.47,0.41,loud accent
85,29,2,39.097,37.896,38.119,beat,0,0.42,0.35,
86,29,3,39.544,38.343,38.568,beat,0,0.41,0.26,
87,30,1,39.995,38.793,39.021,downbeat,2,0.51,0.66,"tutti ends, solo episode begins"
88,30,2,40.450,39.249,39.475,beat,0,0.44,0.33,
89,30,3,40.903,39.701,39.928,beat,0,0.41,0.31,
90,31,1,41.356,40.155,40.385,downbeat,1,0.52,0.35,
91,31,2,41.817,40.615,40.846,beat,0,0.38,0.32,
92,31,3,42.278,41.077,41.307,beat,0,0.32,0.37,
93,32,1,42.738,41.536,41.763,downbeat,2,0.60,0.60,tutti chord under the solo
94,32,2,43.190,41.989,42.213,beat,0,0.30,0.28,
95,32,3,43.638,42.437,42.660,beat,0,0.32,0.22,
96,33,1,44.084,42.883,43.109,downbeat,2,0.68,0.50,tutti chord under the solo
97,33,2,44.536,43.335,43.561,beat,0,0.38,0.38,
98,33,3,44.989,43.787,44.011,beat,0,0.32,0.38,
99,34,1,45.437,44.235,44.457,downbeat,2,0.58,0.52,tutti chord under the solo
100,34,2,45.880,44.679,44.899,beat,0,0.38,0.39,
101,34,3,46.321,45.119,45.344,beat,0,0.36,0.29,
102,35,1,46.770,45.568,45.796,downbeat,2,0.70,0.38,tutti chord under the solo
103,35,2,47.224,46.023,46.248,beat,0,0.41,0.31,
104,35,3,47.675,46.474,46.696,beat,0,0.44,0.35,
105,36,1,48.119,46.917,47.141,downbeat,1,0.46,0.64,
106,36,2,48.566,47.365,47.588,beat,0,0.40,0.38,
107,36,3,49.013,47.812,48.036,beat,0,0.46,0.38,
108,37,1,49.461,48.260,48.484,downbeat,1,0.48,0.31,
109,37,2,49.909,48.708,48.934,beat,0,0.44,0.30,
110,37,3,50.361,49.160,49.381,beat,0,0.38,0.56,
111,38,1,50.804,49.603,49.821,downbeat,1,0.57,0.51,
112,38,2,51.240,50.038,50.254,beat,0,0.41,0.24,
113,38,3,51.670,50.469,50.685,beat,0,0.50,0.25,
114,39,1,52.102,50.900,51.115,downbeat,1,0.38,0.35,
115,39,2,52.531,51.330,51.544,beat,0,0.40,0.22,
116,39,3,52.959,51.757,51.972,beat,0,0.37,0.26,
117,40,1,53.388,52.187,52.402,downbeat,2,0.52,1.00,bass re-entry
