keys,en,en_XA
MENU_PLAY,Play,[Pläý ~~~~]
MENU_MULTIPLAYER,Multiplayer,[Mültïpläýér ~~~~]
MENU_QUICK_MATCH,Quick match,[Qüïck mätch ~~~~]
MENU_SETTINGS,Settings,[Séttïngs ~~~~]
MENU_QUIT,Quit,[Qüït ~~~~]
PAUSE_TITLE,PAUSED,[PÅÜSÉD ~~~~]
PAUSE_RESUME,Resume,[Résümé ~~~~]
PAUSE_SETTINGS,Settings,[Séttïngs ~~~~]
PAUSE_LEAVE_MATCH,Leave Match,[Léävé Mätch ~~~~]
COMMON_BACK,Back,[Bäck ~~~~]
COMMON_PORT,Port,[Pört ~~~~]
COMMON_MODE,Mode,[Mödé ~~~~]
COMMON_PRISONERS,Prisoners,[Prïsönérs ~~~~]
COMMON_GHOSTS,Ghosts,[Ghösts ~~~~]
COMMON_CATCH_AND_SWAP,Catch and swap,[Cätch änd swäp ~~~~]
DEATH_OUT_ROUND,OUT  ·  ROUND {round},[ÖÜT  ·  RÖÜND {round} ~~~~ ~~~~]
DEATH_CAUSE_DOWN,DOWN,[DÖWN ~~~~]
DEATH_CAUSE_LAVA,LAVA,[LÅVÅ ~~~~]
DEATH_CAUSE_FELL,FELL,[FÉLL ~~~~]
DEATH_CAUSE_SHOT,SHOT,[SHÖT ~~~~]
DEATH_HINT_GHOST,GHOST — catch a prisoner to take their place,[GHÖST — cätch ä prïsönér tö täké théïr pläcé ~~~~ ~~~~ ~~~~]
DEATH_HINT_RESTART,[R] restart match,[[R] réstärt mätch ~~~~ ~~~~]
RESULT_VICTORY,VICTORY,[VÏCTÖRÝ ~~~~]
RESULT_DEFEAT,DEFEAT,[DÉFÉÅT ~~~~]
RESULT_MATCH_OVER,MATCH OVER,[MÅTCH ÖVÉR ~~~~]
RESULT_PRESS_ANY_KEY,PRESS ANY KEY,[PRÉSS ÅNÝ KÉÝ ~~~~]
RESULT_PLAY_AGAIN,Play Again,[Pläý Ågäïn ~~~~]
RESULT_MAIN_MENU,Main Menu,[Mäïn Ménü ~~~~]
RESULT_BACK_TO_HUB,Back to the hub,[Bäck tö thé hüb ~~~~]
RESULT_NO_WINNER,The match ended without a winner.,[Thé mätch éndéd wïthöüt ä wïnnér. ~~~~ ~~~~]
RESULT_YOU_HELD_TOWER,You held the tower and cleared the ring.,[Ýöü héld thé töwér änd cléäréd thé rïng. ~~~~ ~~~~ ~~~~]
RESULT_WINNER_HELD_TOWER,{name} held the tower and cleared the ring.,[{name} héld thé töwér änd cléäréd thé rïng. ~~~~ ~~~~ ~~~~]
RESULT_ROLE_TOWER_FELL,You were in the tower when it fell.,[Ýöü wéré ïn thé töwér whén ït féll. ~~~~ ~~~~ ~~~~]
RESULT_ROLE_PRISONER_SURVIVED,You were a prisoner and you survived.,[Ýöü wéré ä prïsönér änd ýöü sürvïvéd. ~~~~ ~~~~ ~~~~]
RESULT_ROLE_PRISONER_GHOST,You were a prisoner. The rifle took you and you finished as a ghost.,[Ýöü wéré ä prïsönér. Thé rïflé töök ýöü änd ýöü fïnïshéd äs ä ghöst. ~~~~ ~~~~ ~~~~ ~~~~ ~~~~]
RESULT_ROLE_PRISONER_CLEARED,You were a prisoner and the tower cleared you.,[Ýöü wéré ä prïsönér änd thé töwér cléäréd ýöü. ~~~~ ~~~~ ~~~~]
RESULT_DETAIL_TOWER,"Tower: {name}, turn {turn}, {rounds} round(s) held","[Töwér: {name}, türn {turn}, {rounds} röünd(s) héld ~~~~ ~~~~ ~~~~]"
RESULT_DETAIL_ROUNDS,Rounds played: {rounds},[Röünds pläýéd: {rounds} ~~~~ ~~~~]
RESULT_DETAIL_CLEARED,Prisoners cleared: {cleared} of {total},[Prïsönérs cléäréd: {cleared} öf {total} ~~~~ ~~~~ ~~~~]
RESULT_DETAIL_SWAPS,Ghost swaps: {swaps},[Ghöst swäps: {swaps} ~~~~ ~~~~]
ROUND_TITLE,ROUND {round},[RÖÜND {round} ~~~~]
ROUND_PRISONERS,PRISONERS  {count},[PRÏSÖNÉRS  {count} ~~~~ ~~~~]
ROUND_TOWER_UNCLAIMED,TOWER  UNCLAIMED,[TÖWÉR  ÜNCLÅÏMÉD ~~~~]
ROUND_TOWER,TOWER  {name}  ·  TURN {turn},[TÖWÉR  {name}  ·  TÜRN {turn} ~~~~ ~~~~]
ROUND_PRESS_ANY_KEY_TO_SKIP,PRESS ANY KEY TO SKIP,[PRÉSS ÅNÝ KÉÝ TÖ SKÏP ~~~~ ~~~~]
SETUP_TITLE,START A MATCH,[STÅRT Å MÅTCH ~~~~]
SETUP_MAP,Map,[Mäp ~~~~]
SETUP_RULES,Rules,[Rülés ~~~~]
SETUP_OPENING,Opening,[Öpénïng ~~~~]
SETUP_HITS_TO_CONVERT,Hits to Convert,[Hïts tö Cönvért ~~~~]
SETUP_TOWER_WINS_BY,Tower Wins By,[Töwér Wïns Bý ~~~~]
SETUP_PRISONERS_WIN_BY,Prisoners Win By,[Prïsönérs Wïn Bý ~~~~]
SETUP_PRISONER_POWER,Prisoner Power,[Prïsönér Pöwér ~~~~]
SETUP_ROUNDS_TO_WIN,Rounds To Win,[Röünds Tö Wïn ~~~~]
SETUP_RESTORE_CANON,Restore Canon,[Réstöré Cänön ~~~~]
SETUP_START_MATCH,Start Match,[Stärt Mätch ~~~~]
SETUP_NO_MAPS,No maps found,[Nö mäps föünd ~~~~]
SETUP_CUSTOM,Custom,[Cüstöm ~~~~]
SETUP_PRESET_DEFAULT,{title} (the default),[{title} (thé défäült) ~~~~ ~~~~]
SETUP_OPENING_RACE,Race for the tower,[Räcé för thé töwér ~~~~ ~~~~]
SETUP_OPENING_TOWER,Open in the tower,[Öpén ïn thé töwér ~~~~ ~~~~]
SETUP_OPENING_RING,Open on the ring,[Öpén ön thé rïng ~~~~]
SETUP_HITS_ONE,1 hit,[1 hït ~~~~]
SETUP_HITS_MANY,{count} hits,[{count} hïts ~~~~]
SETUP_NO_MAP_LOADED,No map could be loaded. The game cannot start a match until {path} names one.,[Nö mäp cöüld bé löädéd. Thé gämé cännöt stärt ä mätch üntïl {path} nämés öné. ~~~~ ~~~~ ~~~~ ~~~~ ~~~~]
SETUP_BADGE_CUSTOM,custom rules,[cüstöm rülés ~~~~]
SETUP_BADGE_CANON,CANON,[CÅNÖN ~~~~]
SETUP_CUSTOM_SUMMARY,"These rules are not one of the named modes. Pick a mode above to set a whole coherent set at once, or press Restore Canon.","[Thésé rülés äré nöt öné öf thé näméd mödés. Pïck ä mödé äbövé tö sét ä whölé cöhérént sét ät öncé, ör préss Réstöré Cänön. ~~~~ ~~~~ ~~~~ ~~~~ ~~~~ ~~~~ ~~~~ ~~~~]"
SETUP_IN_THE_MATCH,{count} in the match,[{count} ïn thé mätch ~~~~ ~~~~]
SETUP_READOUT_RACE,first to the end takes it,[fïrst tö thé énd täkés ït ~~~~ ~~~~]
SETUP_READOUT_TOWER,you start with the rifle,[ýöü stärt wïth thé rïflé ~~~~ ~~~~]
SETUP_READOUT_RING,{name} starts with the rifle,[{name} stärts wïth thé rïflé ~~~~ ~~~~]
SETUP_ROUNDS_ONE,one round,[öné röünd ~~~~]
SETUP_ROUNDS_MANY,{count} rounds,[{count} röünds ~~~~]
SETUP_NOTE_EXTRA_HITS,"A prisoner who survives a hit gets no hit reaction and no recovery: the extra hits are real, the feedback for them is not designed yet.","[Å prïsönér whö sürvïvés ä hït géts nö hït réäctïön änd nö récövérý: thé éxträ hïts äré réäl, thé féédbäck för thém ïs nöt désïgnéd ýét. ~~~~ ~~~~ ~~~~ ~~~~ ~~~~ ~~~~ ~~~~ ~~~~ ~~~~]"
SETUP_NOTE_LONE_GHOST,"With one prisoner a ghost has nobody to catch, so the mechanic never comes up.","[Wïth öné prïsönér ä ghöst häs nöbödý tö cätch, sö thé méchänïc névér cömés üp. ~~~~ ~~~~ ~~~~ ~~~~ ~~~~]"
SETUP_NOTE_SKIP_RACE,"Skipping the race hands the tower straight to {name} on turn one, with everybody else already running. It is the round the race would have started.","[Skïppïng thé räcé händs thé töwér sträïght tö {name} ön türn öné, wïth évérýbödý élsé älréädý rünnïng. Ït ïs thé röünd thé räcé wöüld hävé stärtéd. ~~~~ ~~~~ ~~~~ ~~~~ ~~~~ ~~~~ ~~~~ ~~~~ ~~~~]"
SETUP_NOTE_UNIMPLEMENTED,This tower win condition is declared but not implemented; the tower cannot win the round under it.,[Thïs töwér wïn cöndïtïön ïs décläréd büt nöt ïmpléméntéd; thé töwér cännöt wïn thé röünd ündér ït. ~~~~ ~~~~ ~~~~ ~~~~ ~~~~ ~~~~]
SETUP_NOTE_SHUTOUT,The tower wins by converting {count} of the {total} prisoners; the rest may reach the end and it still counts.,[Thé töwér wïns bý cönvértïng {count} öf thé {total} prïsönérs; thé rést mäý réäch thé énd änd ït stïll cöünts. ~~~~ ~~~~ ~~~~ ~~~~ ~~~~ ~~~~ ~~~~]
SETUP_NOTE_HOLD,The tower wins by holding out for {seconds} seconds. Converting the whole ring is not a win under this rule; surviving the clock is.,[Thé töwér wïns bý höldïng öüt för {seconds} sécönds. Cönvértïng thé whölé rïng ïs nöt ä wïn ündér thïs rülé; sürvïvïng thé clöck ïs. ~~~~ ~~~~ ~~~~ ~~~~ ~~~~ ~~~~ ~~~~ ~~~~]
SETUP_TOWER_WIN_TOTAL,Converting every prisoner,[Cönvértïng évérý prïsönér ~~~~ ~~~~]
SETUP_TOWER_WIN_SHUTOUT,Converting a set number,[Cönvértïng ä sét nümbér ~~~~ ~~~~]
SETUP_TOWER_WIN_HOLD,Holding out for a time,[Höldïng öüt för ä tïmé ~~~~ ~~~~]
SETUP_PRISONER_WIN_FIRST,One reaching the end,[Öné réächïng thé énd ~~~~ ~~~~]
SETUP_PRISONER_WIN_ALL,All of them reaching the end,[Åll öf thém réächïng thé énd ~~~~ ~~~~]
SETUP_ABILITY_NONE,None,[Nöné ~~~~]
SETUP_ABILITY_BUBBLE_SHIELD,Bubble Shield,[Bübblé Shïéld ~~~~]
SETUP_ABILITY_HOLOGRAM,Hologram,[Hölögräm ~~~~]
SETUP_ABILITY_ARMOR_LOCK,Armor Lock,[Årmör Löck ~~~~]
SETUP_ABILITY_ACTIVE_CAMO,Active Camo,[Åctïvé Cämö ~~~~]
SETUP_PRESET_CANON,Canon,[Cänön ~~~~]
SETUP_PRESET_CANON_SUMMARY,"The game as designed. Three prisoners, one hit each, ghosts on, and an opening race for the tower. One prisoner through the end takes the seat; hold the seat through a round and the match is yours.","[Thé gämé äs désïgnéd. Thréé prïsönérs, öné hït éäch, ghösts ön, änd än öpénïng räcé för thé töwér. Öné prïsönér thröügh thé énd täkés thé séät; höld thé séät thröügh ä röünd änd thé mätch ïs ýöürs. ~~~~ ~~~~ ~~~~ ~~~~ ~~~~ ~~~~ ~~~~ ~~~~ ~~~~ ~~~~ ~~~~ ~~~~]"
SETUP_PRESET_CLASSIC,Classic,[Clässïc ~~~~]
SETUP_PRESET_CLASSIC_SUMMARY,"Canon without ghosts. A shot prisoner is out of the round and the ring empties as the tower works. Fewer bodies, shorter rounds, no second chance.","[Cänön wïthöüt ghösts. Å shöt prïsönér ïs öüt öf thé röünd änd thé rïng émptïés äs thé töwér wörks. Féwér bödïés, shörtér röünds, nö sécönd chäncé. ~~~~ ~~~~ ~~~~ ~~~~ ~~~~ ~~~~ ~~~~ ~~~~ ~~~~]"
SETUP_PRESET_DUEL,Duel,[Düél ~~~~]
SETUP_PRESET_DUEL_SUMMARY,"One prisoner, one rifle, no ghosts, and three rounds to take the match. The tower and the ring trade places until somebody holds the seat three times.","[Öné prïsönér, öné rïflé, nö ghösts, änd thréé röünds tö täké thé mätch. Thé töwér änd thé rïng trädé pläcés üntïl sömébödý hölds thé séät thréé tïmés. ~~~~ ~~~~ ~~~~ ~~~~ ~~~~ ~~~~ ~~~~ ~~~~ ~~~~]"
SETUP_PRESET_RIOT,Riot,[Rïöt ~~~~]
SETUP_PRESET_RIOT_SUMMARY,"Six prisoners against one single-shot rifle, ghosts on. The tower cannot cover the ring; the question is how much of it you can.","[Sïx prïsönérs ägäïnst öné sïnglé-shöt rïflé, ghösts ön. Thé töwér cännöt cövér thé rïng; thé qüéstïön ïs höw müch öf ït ýöü cän. ~~~~ ~~~~ ~~~~ ~~~~ ~~~~ ~~~~ ~~~~ ~~~~]"
SETUP_PRESET_SIEGE,Siege,[Sïégé ~~~~]
SETUP_PRESET_SIEGE_SUMMARY,"Four prisoners, and leakage is not enough: EVERY prisoner still in the round has to reach the end. One left on the ring keeps the tower alive.","[Föür prïsönérs, änd léäkägé ïs nöt énöügh: ÉVÉRÝ prïsönér stïll ïn thé röünd häs tö réäch thé énd. Öné léft ön thé rïng kééps thé töwér älïvé. ~~~~ ~~~~ ~~~~ ~~~~ ~~~~ ~~~~ ~~~~ ~~~~ ~~~~]"
SETUP_SEAT_YOU,You,[Ýöü ~~~~]
SETUP_SEAT_RUNNER,Runner {index},[Rünnér {index} ~~~~]
MP_TITLE,MULTIPLAYER,[MÜLTÏPLÅÝÉR ~~~~]
MP_YOUR_NAME,Your name,[Ýöür nämé ~~~~]
MP_NAME_PLACEHOLDER,Name,[Nämé ~~~~]
MP_HOST,HOST,[HÖST ~~~~]
MP_ADDRESSES_HINT,Give a friend one of these addresses:,[Gïvé ä frïénd öné öf thésé äddréssés: ~~~~ ~~~~ ~~~~]
MP_START_HOSTING,Start hosting,[Stärt höstïng ~~~~]
MP_JOIN,JOIN,[JÖÏN ~~~~]
MP_ADDRESS,Address,[Åddréss ~~~~]
MP_ADDRESS_PLACEHOLDER,100.x.x.x or 192.168.x.x,[100.x.x.x ör 192.168.x.x ~~~~ ~~~~]
MP_JOIN_BUTTON,Join,[Jöïn ~~~~]
MP_LOBBY,LOBBY,[LÖBBÝ ~~~~]
MP_READY,Ready,[Réädý ~~~~]
MP_START_MATCH,Start match,[Stärt mätch ~~~~]
MP_LEAVE,Leave,[Léävé ~~~~]
MP_STATUS_HOSTING,Hosting on port {port},[Höstïng ön pört {port} ~~~~ ~~~~]
MP_STATUS_HOST_FAILED,Could not host: {error},[Cöüld nöt höst: {error} ~~~~ ~~~~]
MP_STATUS_JOINING,Joining {address}:{port}...,[Jöïnïng {address}:{port}... ~~~~ ~~~~]
MP_STATUS_JOIN_FAILED,Could not join: {error},[Cöüld nöt jöïn: {error} ~~~~ ~~~~]
MP_STATUS_NOT_HOSTING,Not hosting.,[Nöt höstïng. ~~~~]
MP_STATUS_CONNECTED,Connected. Waiting for the host.,[Cönnéctéd. Wäïtïng för thé höst. ~~~~ ~~~~]
MP_STATUS_FAILED,Connection failed.,[Cönnéctïön fäïléd. ~~~~ ~~~~]
MP_STATUS_LEFT,Left the lobby.,[Léft thé löbbý. ~~~~]
MP_ADDRESS_TAILSCALE,{address}   (Tailscale),[{address}   (Täïlscälé) ~~~~ ~~~~]
MP_LOBBY_HOSTING,LOBBY  ·  hosting on port {port},[LÖBBÝ  ·  höstïng ön pört {port} ~~~~ ~~~~]
MP_LOBBY_JOINED,LOBBY  ·  {address},[LÖBBÝ  ·  {address} ~~~~ ~~~~]
MP_CUSTOM,Custom,[Cüstöm ~~~~]
MP_NO_ADDRESS,No network address found.,[Nö nétwörk äddréss föünd. ~~~~ ~~~~]
MP_ADDRESS_PORT,{address}  port {port},[{address}  pört {port} ~~~~ ~~~~]
MP_ADDRESS_PUBLIC,{address}  port {port}   (public - give friends this),[{address}  pört {port}   (püblïc - gïvé frïénds thïs) ~~~~ ~~~~ ~~~~ ~~~~]
MP_SEAT_PLAYER,Player {number},[Pläýér {number} ~~~~]
MP_SEAT_NAME_BOT,{name} (bot),[{name} (böt) ~~~~]
MP_SEAT_NAME_YOU,{name} (you),[{name} (ýöü) ~~~~]
MP_SEAT_ROW,Seat {number}   {name}   {role}   {ready},[Séät {number}   {name}   {role}   {ready} ~~~~ ~~~~ ~~~~]
MP_ROLE_TOWER,tower,[töwér ~~~~]
MP_ROLE_PRISONER,prisoner,[prïsönér ~~~~]
MP_ROLE_RACE,race,[räcé ~~~~]
MP_READY_YES,READY,[RÉÅDÝ ~~~~]
MP_READY_NO,not ready,[nöt réädý ~~~~]
MP_RULES_SUMMARY,{mode}  ·  {prisoners} prisoners  ·  ghosts {ghosts}  ·  {opening}  ·  {rounds} to win,[{mode}  ·  {prisoners} prïsönérs  ·  ghösts {ghosts}  ·  {opening}  ·  {rounds} tö wïn ~~~~ ~~~~ ~~~~ ~~~~ ~~~~ ~~~~]
MP_CUSTOM_RULES,Custom rules,[Cüstöm rülés ~~~~]
MP_ON,on,[ön ~~~~]
MP_OFF,off,[öff ~~~~]
MP_OPENING_RACE,race for the tower,[räcé för thé töwér ~~~~ ~~~~]
MP_OPENING_SEAT,seat {number} opens in the tower,[séät {number} öpéns ïn thé töwér ~~~~ ~~~~]
MP_ROUNDS_ONE,one round,[öné röünd ~~~~]
MP_ROUNDS_MANY,{count} rounds,[{count} röünds ~~~~]
SETTINGS_TITLE,SETTINGS,[SÉTTÏNGS ~~~~]
SETTINGS_TAB_MATCH,Match,[Mätch ~~~~]
SETTINGS_TAB_GAME,Game,[Gämé ~~~~]
SETTINGS_TAB_AUDIO,Audio,[Åüdïö ~~~~]
SETTINGS_TAB_VIDEO,Video,[Vïdéö ~~~~]
SETTINGS_TAB_CONTROLS,Controls,[Cöntröls ~~~~]
SETTINGS_OPENING_RACE,Opening Race,[Öpénïng Räcé ~~~~]
SETTINGS_SKIP_IT,Skip it,[Skïp ït ~~~~]
SETTINGS_TOWER_GOES_TO,Tower Goes To,[Töwér Göés Tö ~~~~]
SETTINGS_RELOAD_BY_TURN,Reload By Turn,[Rélöäd Bý Türn ~~~~]
SETTINGS_HUB_MAP_PICK,Hub Map Pick,[Hüb Mäp Pïck ~~~~]
SETTINGS_VOTE_SECONDS,Vote Seconds,[Vöté Sécönds ~~~~]
SETTINGS_MAP_PICK_HOST,Host picks,[Höst pïcks ~~~~]
SETTINGS_MAP_PICK_VOTE,Vote by standing,[Vöté bý ständïng ~~~~]
SETTINGS_TURN_1,1st,[1st ~~~~]
SETTINGS_TURN_2,2nd,[2nd ~~~~]
SETTINGS_TURN_3,3rd,[3rd ~~~~]
SETTINGS_TURN_4,4th,[4th ~~~~]
SETTINGS_TURN_5,5th,[5th ~~~~]
SETTINGS_BALANCE,BALANCE,[BÅLÅNCÉ ~~~~]
SETTINGS_SCOPE_SWAY,Scope Sway,[Scöpé Swäý ~~~~]
SETTINGS_SWAY_SPEED,Sway Speed,[Swäý Spééd ~~~~]
SETTINGS_SWAY_SETTLES_IN,Sway Settles In,[Swäý Séttlés Ïn ~~~~]
SETTINGS_TOWER,Tower,[Töwér ~~~~]
SETTINGS_TOWER_CARVED,Carved,[Cärvéd ~~~~]
SETTINGS_TOWER_ARCHES,Arches,[Årchés ~~~~]
SETTINGS_OPEN_WINDOWS,Open Windows,[Öpén Wïndöws ~~~~]
SETTINGS_MISS_PENALTY,Miss Penalty,[Mïss Pénältý ~~~~]
SETTINGS_HIT_MARKER,Hit Marker,[Hït Märkér ~~~~]
SETTINGS_CONFIRM_HITS,Confirm hits,[Cönfïrm hïts ~~~~]
SETTINGS_RUNNER_SPEED,Runner Speed,[Rünnér Spééd ~~~~]
SETTINGS_JUMP_HEIGHT,Jump Height,[Jümp Héïght ~~~~]
SETTINGS_POWER_COOLDOWN,Power Cooldown,[Pöwér Cööldöwn ~~~~]
SETTINGS_GUARD_SKILL,Guard Skill,[Güärd Skïll ~~~~]
SETTINGS_GUARD_HEALTH,Guard Health,[Güärd Héälth ~~~~]
SETTINGS_FINISHER_HEALTH,Finisher Health,[Fïnïshér Héälth ~~~~]
SETTINGS_NOTE_SWAY,"Scope sway drifts the aim in a figure eight while the scope is up, and the drift is in the shot the host resolves, not just in the picture. Plugged windows are rock; the ones left open stay spread round the tower.","[Scöpé swäý drïfts thé äïm ïn ä fïgüré éïght whïlé thé scöpé ïs üp, änd thé drïft ïs ïn thé shöt thé höst résölvés, nöt jüst ïn thé pïctüré. Plüggéd wïndöws äré röck; thé önés léft öpén stäý spréäd röünd thé töwér. ~~~~ ~~~~ ~~~~ ~~~~ ~~~~ ~~~~ ~~~~ ~~~~ ~~~~ ~~~~ ~~~~ ~~~~ ~~~~]"
SETTINGS_NOTE_GHOSTS,"A shot prisoner returns as a ghost: faster, unshootable, and chasing. Catching a living prisoner takes their place, and their distance round the ring with it.","[Å shöt prïsönér rétürns äs ä ghöst: fästér, ünshöötäblé, änd chäsïng. Cätchïng ä lïvïng prïsönér täkés théïr pläcé, änd théïr dïstäncé röünd thé rïng wïth ït. ~~~~ ~~~~ ~~~~ ~~~~ ~~~~ ~~~~ ~~~~ ~~~~ ~~~~ ~~~~]"
SETTINGS_NOTE_OPENING,"A match normally opens with a race for the tower: everybody runs the ring and the first to the end takes it. Skip it and the tower is handed to the seat above instead, on turn one, with everybody else already running -- the same round the race would have started.","[Å mätch nörmällý öpéns wïth ä räcé för thé töwér: évérýbödý rüns thé rïng änd thé fïrst tö thé énd täkés ït. Skïp ït änd thé töwér ïs händéd tö thé séät äbövé ïnstéäd, ön türn öné, wïth évérýbödý élsé älréädý rünnïng -- thé sämé röünd thé räcé wöüld hävé stärtéd. ~~~~ ~~~~ ~~~~ ~~~~ ~~~~ ~~~~ ~~~~ ~~~~ ~~~~ ~~~~ ~~~~ ~~~~ ~~~~ ~~~~ ~~~~ ~~~~]"
SETTINGS_UNIT_SECONDS,s,[s ~~~~]
SETTINGS_UNIT_DEGREES,deg,[dég ~~~~]
SETTINGS_UNIT_HZ,Hz,[Hz ~~~~]
SETTINGS_UNIT_TIMES,x,[x ~~~~]
SETTINGS_UNIT_HP,hp,[hp ~~~~]
SETTINGS_MOUSE_SENSITIVITY,Mouse Sensitivity,[Möüsé Sénsïtïvïtý ~~~~ ~~~~]
SETTINGS_INVERT_LOOK_Y,Invert Look Y,[Ïnvért Löök Ý ~~~~]
SETTINGS_FIELD_OF_VIEW,Field of View,[Fïéld öf Vïéw ~~~~]
SETTINGS_NOTE_INPUT,Sensitivity and invert-Y are written into the active MovementProfile; field of view into the player camera.,[Sénsïtïvïtý änd ïnvért-Ý äré wrïttén ïntö thé äctïvé MövéméntPröfïlé; fïéld öf vïéw ïntö thé pläýér cämérä. ~~~~ ~~~~ ~~~~ ~~~~ ~~~~ ~~~~ ~~~~]
SETTINGS_MASTER,Master,[Mästér ~~~~]
SETTINGS_EFFECTS,Effects,[Éffécts ~~~~]
SETTINGS_MUSIC,Music,[Müsïc ~~~~]
SETTINGS_PS1_CRUSH,PS1 crush,[PS1 crüsh ~~~~]
SETTINGS_PS1_CRUSH_HINT,"8-bit, low rate","[8-bït, löw räté ~~~~]"
SETTINGS_VIDEO_DISPLAY_MODE,Display Mode,[Dïspläý Mödé ~~~~]
SETTINGS_VIDEO_RESOLUTION,Resolution,[Résölütïön ~~~~]
SETTINGS_VIDEO_VSYNC,V-Sync,[V-Sýnc ~~~~]
SETTINGS_VIDEO_FPS_CAP,Max FPS,[Mäx FPS ~~~~]
SETTINGS_VIDEO_RENDER_SCALE,Render Scale,[Réndér Scälé ~~~~]
SETTINGS_VIDEO_BRIGHTNESS,Brightness,[Brïghtnéss ~~~~]
SETTINGS_VIDEO_WINDOWED,Windowed,[Wïndöwéd ~~~~]
SETTINGS_VIDEO_FULLSCREEN,Fullscreen,[Füllscréén ~~~~]
SETTINGS_VIDEO_BORDERLESS,Borderless Fullscreen,[Bördérléss Füllscréén ~~~~ ~~~~]
SETTINGS_VIDEO_RESOLUTION_FORMAT,{width} x {height},[{width} x {height} ~~~~ ~~~~]
SETTINGS_VIDEO_VSYNC_OFF,Off,[Öff ~~~~]
SETTINGS_VIDEO_VSYNC_ON,On,[Ön ~~~~]
SETTINGS_VIDEO_VSYNC_ADAPTIVE,Adaptive,[Ådäptïvé ~~~~]
SETTINGS_VIDEO_FPS_UNLIMITED,Unlimited,[Ünlïmïtéd ~~~~]
SETTINGS_VIDEO_NOTE_RESOLUTION,Resolution applies to the window; in either fullscreen mode the display's own resolution is used.,[Résölütïön äpplïés tö thé wïndöw; ïn éïthér füllscréén mödé thé dïspläý's öwn résölütïön ïs üséd. ~~~~ ~~~~ ~~~~ ~~~~ ~~~~ ~~~~]
SETTINGS_VIDEO_NOTE_EMBEDDED,"The window did not resize: this build is running inside the editor's embedded Game window, which cannot be resized. Turn off Game > Embed Game Window in the editor and run again. The choice is saved either way.","[Thé wïndöw dïd nöt résïzé: thïs büïld ïs rünnïng ïnsïdé thé édïtör's émbéddéd Gämé wïndöw, whïch cännöt bé résïzéd. Türn öff Gämé > Émbéd Gämé Wïndöw ïn thé édïtör änd rün ägäïn. Thé chöïcé ïs sävéd éïthér wäý. ~~~~ ~~~~ ~~~~ ~~~~ ~~~~ ~~~~ ~~~~ ~~~~ ~~~~ ~~~~ ~~~~ ~~~~ ~~~~]"
SETTINGS_VIDEO_NOTE_REFUSED,The window did not resize: this display server refused the size. The choice is saved and will be tried again next time the game starts.,[Thé wïndöw dïd nöt résïzé: thïs dïspläý sérvér réfüséd thé sïzé. Thé chöïcé ïs sävéd änd wïll bé trïéd ägäïn néxt tïmé thé gämé stärts. ~~~~ ~~~~ ~~~~ ~~~~ ~~~~ ~~~~ ~~~~ ~~~~ ~~~~]
SETTINGS_RESET_ALL,Reset All Settings,[Rését Åll Séttïngs ~~~~ ~~~~]
KEYBIND_INTRO,"Two bindings per action. Escape cancels a rebind, Backspace clears the slot.","[Twö bïndïngs pér äctïön. Éscäpé cäncéls ä rébïnd, Bäckspäcé cléärs thé slöt. ~~~~ ~~~~ ~~~~ ~~~~ ~~~~]"
KEYBIND_ACTION_MOVE_FORWARD,Move Forward,[Mövé Förwärd ~~~~]
KEYBIND_ACTION_MOVE_BACK,Move Back,[Mövé Bäck ~~~~]
KEYBIND_ACTION_MOVE_LEFT,Move Left,[Mövé Léft ~~~~]
KEYBIND_ACTION_MOVE_RIGHT,Move Right,[Mövé Rïght ~~~~]
KEYBIND_ACTION_JUMP,Jump,[Jümp ~~~~]
KEYBIND_ACTION_SLIDE,Crouch / Slide,[Cröüch / Slïdé ~~~~]
KEYBIND_ACTION_ABILITY,Ability,[Åbïlïtý ~~~~]
KEYBIND_ACTION_ABILITY_1,Ability 1,[Åbïlïtý 1 ~~~~]
KEYBIND_ACTION_ABILITY_2,Ability 2,[Åbïlïtý 2 ~~~~]
KEYBIND_ACTION_ABILITY_3,Ability 3,[Åbïlïtý 3 ~~~~]
KEYBIND_ACTION_ABILITY_4,Ability 4,[Åbïlïtý 4 ~~~~]
KEYBIND_ACTION_FIRE,Fire,[Fïré ~~~~]
KEYBIND_ACTION_ZOOM,Aim / Zoom,[Åïm / Zööm ~~~~]
KEYBIND_UNBOUND,Unbound,[Ünböünd ~~~~]
KEYBIND_RESET,Reset,[Rését ~~~~]
KEYBIND_RESET_ALL,Reset All Bindings,[Rését Åll Bïndïngs ~~~~ ~~~~]
KEYBIND_TOOLTIP_REBIND,Rebind {action} (slot {slot}),[Rébïnd {action} (slöt {slot}) ~~~~ ~~~~]
KEYBIND_TOOLTIP_RESET,Restore the shipped bindings for {action},[Réstöré thé shïppéd bïndïngs för {action} ~~~~ ~~~~ ~~~~]
KEYBIND_CAPTURE_PROMPT,"Press an input for {action} (slot {slot}).
Escape cancels. Backspace clears.","[Préss än ïnpüt för {action} (slöt {slot}).
Éscäpé cäncéls. Bäckspäcé cléärs. ~~~~ ~~~~ ~~~~ ~~~~ ~~~~]"
KEYBIND_STATUS_CANCELLED,Rebind cancelled.,[Rébïnd cäncélléd. ~~~~ ~~~~]
KEYBIND_STATUS_CONFLICT,{binding} is already bound to {other}. Binding unchanged.,[{binding} ïs älréädý böünd tö {other}. Bïndïng ünchängéd. ~~~~ ~~~~ ~~~~ ~~~~]
KEYBIND_STATUS_BOUND,{action} bound to {binding}.,[{action} böünd tö {binding}. ~~~~ ~~~~]
KEYBIND_STATUS_CLEARED,{action} slot {slot} cleared.,[{action} slöt {slot} cléäréd. ~~~~ ~~~~]
KEYBIND_STATUS_RESET,{action} reset to default.,[{action} rését tö défäült. ~~~~ ~~~~]
KEYBIND_STATUS_RESET_ALL,All bindings reset to default.,[Åll bïndïngs rését tö défäült. ~~~~ ~~~~]
KEYBIND_UNKNOWN,Unknown,[Ünknöwn ~~~~]
KEYBIND_KEY_CODE,Key {code},[Kéý {code} ~~~~]
KEYBIND_PAD_BUTTON,Pad Button {index},[Päd Büttön {index} ~~~~ ~~~~]
KEYBIND_PAD_AXIS,Pad Axis {axis}{direction},[Päd Åxïs {axis}{direction} ~~~~ ~~~~]
KEYBIND_MOUSE_LEFT,Mouse Left,[Möüsé Léft ~~~~]
KEYBIND_MOUSE_RIGHT,Mouse Right,[Möüsé Rïght ~~~~]
KEYBIND_MOUSE_MIDDLE,Mouse Middle,[Möüsé Mïddlé ~~~~]
KEYBIND_WHEEL_UP,Wheel Up,[Whéél Üp ~~~~]
KEYBIND_WHEEL_DOWN,Wheel Down,[Whéél Döwn ~~~~]
KEYBIND_WHEEL_LEFT,Wheel Left,[Whéél Léft ~~~~]
KEYBIND_WHEEL_RIGHT,Wheel Right,[Whéél Rïght ~~~~]
KEYBIND_MOUSE_N,Mouse {index},[Möüsé {index} ~~~~]
HUD_RACE,RACE,[RÅCÉ ~~~~]
HUD_ROUND,ROUND {round},[RÖÜND {round} ~~~~]
HUD_TOWER_HOLDER,TOWER: {name},[TÖWÉR: {name} ~~~~]
HUD_ABILITY_ACTIVE,{title} — {seconds}s,[{title} — {seconds}s ~~~~ ~~~~]
HUD_ABILITY_COOLDOWN,{title} — READY IN {seconds}s,[{title} — RÉÅDÝ ÏN {seconds}s ~~~~ ~~~~]
HUD_ABILITY_READY,{title} — READY,[{title} — RÉÅDÝ ~~~~]
HUD_SPEED_BOOST,SPEED x{multiplier} · {seconds}s,[SPÉÉD x{multiplier} · {seconds}s ~~~~ ~~~~]
HUD_DEV_INVINCIBLE,INVINCIBLE,[ÏNVÏNCÏBLÉ ~~~~]
HUD_DEV_TURBO,TURBO,[TÜRBÖ ~~~~]
HUD_DEV_FREECAM,FREECAM,[FRÉÉCÅM ~~~~]
HUD_ROUND_WON,ROUND WON,[RÖÜND WÖN ~~~~]
HUD_ROUND_LOST,ROUND LOST,[RÖÜND LÖST ~~~~]
HUD_TOWER_TAKEN_BY,TOWER TAKEN BY {name},[TÖWÉR TÅKÉN BÝ {name} ~~~~ ~~~~]
HUD_TOWER_RIFLE,TOWER RIFLE,[TÖWÉR RÏFLÉ ~~~~]
HUD_ROLE_TOWER,TOWER,[TÖWÉR ~~~~]
HUD_ROLE_PRISONER,PRISONER,[PRÏSÖNÉR ~~~~]
HUD_ROLE_GHOST,GHOST,[GHÖST ~~~~]
HUD_ROLE_WATCHING,WATCHING,[WÅTCHÏNG ~~~~]
HUD_TURN,TURN,[TÜRN ~~~~]
HUD_READY,READY,[RÉÅDÝ ~~~~]
HUD_RELOAD,RELOAD,[RÉLÖÅD ~~~~]
HUD_DISTANCE_SUFFIX,M TO THE END,[M TÖ THÉ ÉND ~~~~]
HUD_ARRIVED,AT THE END,[ÅT THÉ ÉND ~~~~]
HUD_GHOST_ORDERS,CATCH A PRISONER,[CÅTCH Å PRÏSÖNÉR ~~~~]
HUD_GHOST_TAKE_PLACE,TAKE THEIR PLACE,[TÅKÉ THÉÏR PLÅCÉ ~~~~]
HUD_GHOST_SPEED_SUFFIX,x FASTER,[x FÅSTÉR ~~~~]
HUD_GHOST_UNSHOOTABLE,CANNOT BE SHOT,[CÅNNÖT BÉ SHÖT ~~~~]
HUD_PRISONERS,PRISONERS,[PRÏSÖNÉRS ~~~~]
HUD_OBJECTIVE_TOTAL_CONVERSION,CONVERT THEM ALL,[CÖNVÉRT THÉM ÅLL ~~~~]
HUD_OBJECTIVE_SHUTOUT,CONVERT {count} OF THEM,[CÖNVÉRT {count} ÖF THÉM ~~~~ ~~~~]
HUD_OBJECTIVE_HOLD,HOLD OUT FOR {seconds} SECONDS,[HÖLD ÖÜT FÖR {seconds} SÉCÖNDS ~~~~ ~~~~]
HUD_OBJECTIVE_UNWINNABLE,THIS TOWER CANNOT WIN THE ROUND,[THÏS TÖWÉR CÅNNÖT WÏN THÉ RÖÜND ~~~~ ~~~~]
HUD_OBJECTIVE_FIRST_ARRIVAL,FIRST TO THE END TAKES THE TOWER,[FÏRST TÖ THÉ ÉND TÅKÉS THÉ TÖWÉR ~~~~ ~~~~]
HUD_OBJECTIVE_ALL_ARRIVALS,ALL OF YOU MUST REACH THE END,[ÅLL ÖF ÝÖÜ MÜST RÉÅCH THÉ ÉND ~~~~ ~~~~]
HUD_OBJECTIVE_RACE,RACE FOR THE TOWER,[RÅCÉ FÖR THÉ TÖWÉR ~~~~ ~~~~]
HUD_FINAL_ROUND,HOLD THIS ROUND TO WIN THE MATCH,[HÖLD THÏS RÖÜND TÖ WÏN THÉ MÅTCH ~~~~ ~~~~]
HUD_ROUND_WINS,ROUND WINS,[RÖÜND WÏNS ~~~~]
HUD_TOWER_EMPTY,TOWER EMPTY,[TÖWÉR ÉMPTÝ ~~~~]
HUD_RELOAD_LENGTH_SUFFIX,S RELOAD,[S RÉLÖÅD ~~~~]
HUD_RESTART_HINT,[R] restart match,[[R] réstärt mätch ~~~~ ~~~~]
HUB_MAP_1,MAP 1,[MÅP 1 ~~~~]
HUB_MAP_3,MAP 3,[MÅP 3 ~~~~]
HUB_PLAYERS_ONE,{count} player,[{count} pläýér ~~~~]
HUB_PLAYERS_MANY,{count} players,[{count} pläýérs ~~~~]
HUB_TAB_HINT,TAB  rules and seats,[TÅB  rülés änd séäts ~~~~ ~~~~]
HUB_START_PROMPT,Start {map}: {key},[Stärt {map}: {key} ~~~~ ~~~~]
HUB_NOTHING_HERE,Nothing stands here yet,[Nöthïng ständs héré ýét ~~~~ ~~~~]
HUB_WAITING_FOR_HOST,Waiting for host,[Wäïtïng för höst ~~~~]
HUB_SEAT_PLAYER,Player {number},[Pläýér {number} ~~~~]
HUB_SEAT_NAME_YOU,{name}  (you),[{name}  (ýöü) ~~~~]
HUB_SEAT_NAME_HOST,{name}  (host),[{name}  (höst) ~~~~]
HUB_SEAT_ROW,Seat {number}   {name},[Séät {number}   {name} ~~~~ ~~~~]
HUB_OPEN_VOTE_PROMPT,Open vote: {key},[Öpén vöté: {key} ~~~~]
HUB_CANCEL_VOTE_PROMPT,Cancel vote: {key},[Cäncél vöté: {key} ~~~~ ~~~~]
HUB_VOTE_TIMER,VOTE  {seconds} s,[VÖTÉ  {seconds} s ~~~~ ~~~~]
HUB_VOTE_ROW,{map}  {count},[{map}  {count} ~~~~]
HUB_VOTE_WINS,{map} wins,[{map} wïns ~~~~]
HUB_VOTE_WINS_TIE,"{map} wins  (tie, seed {seed})","[{map} wïns  (tïé, sééd {seed}) ~~~~ ~~~~]"
HUB_SIGN_VOTES_ONE,"{map}
{count} vote","[{map}
{count} vöté ~~~~ ~~~~]"
HUB_SIGN_VOTES_MANY,"{map}
{count} votes","[{map}
{count} vötés ~~~~ ~~~~]"
MAP_BENTHAM_RING_SUMMARY,"Three decks stacked outward and upward around the tower, and you have to lap all three. Cover in bands on every level, twelve pits cut clean through the floors, kill blocks flush against every lane, and one ramp up off each level, behind cover. The eye in the middle now stands above all of it and can see every deck.","[Thréé décks stäckéd öütwärd änd üpwärd äröünd thé töwér, änd ýöü hävé tö läp äll thréé. Cövér ïn bänds ön évérý lévél, twélvé pïts cüt cléän thröügh thé flöörs, kïll blöcks flüsh ägäïnst évérý läné, änd öné rämp üp öff éäch lévél, béhïnd cövér. Thé éýé ïn thé mïddlé nöw ständs äbövé äll öf ït änd cän séé évérý déck. ~~~~ ~~~~ ~~~~ ~~~~ ~~~~ ~~~~ ~~~~ ~~~~ ~~~~ ~~~~ ~~~~ ~~~~ ~~~~ ~~~~ ~~~~ ~~~~ ~~~~ ~~~~ ~~~~ ~~~~]"
MAP_FOREST_SUMMARY,"A clearing under a closed canopy. One grass lane round a ravine with water at the bottom, a wall of leaves you cannot see through with cells cut into it, and a great tree in the middle: the guard sits on top of it. The sun comes through the canopy from one side.","[Å cléärïng ündér ä clöséd cänöpý. Öné gräss läné röünd ä rävïné wïth wätér ät thé böttöm, ä wäll öf léävés ýöü cännöt séé thröügh wïth célls cüt ïntö ït, änd ä gréät tréé ïn thé mïddlé: thé güärd sïts ön töp öf ït. Thé sün cömés thröügh thé cänöpý fröm öné sïdé. ~~~~ ~~~~ ~~~~ ~~~~ ~~~~ ~~~~ ~~~~ ~~~~ ~~~~ ~~~~ ~~~~ ~~~~ ~~~~ ~~~~ ~~~~ ~~~~]"
